anio,sexo,esp_vida_escolar
1980,m,11.582647544359894
1980,v,11.642691454006494
1991,m,12.323490270508804
1991,v,12.30543467701406
2001,m,12.591456799247243
2001,v,12.527164962098034
2010,m,12.586378835082412
2010,v,12.560747597246074
